{
  "자치구": [
    "강남구",
    "강동구",
    "강북구",
    "강서구",
    "관악구",
    "광진구",
    "구로구",
    "금천구",
    "노원구",
    "도봉구",
    "동대문구",
    "동작구",
    "마포구",
    "서대문구",
    "서초구",
    "성동구",
    "성북구",
    "송파구",
    "양천구",
    "영등포구",
    "용산구",
    "은평구",
    "종로구",
    "중구",
    "중랑구"
  ],
  "비상소화장치개수": [
    65, 87, 106, 52, 169, 64, 71, 29, 48, 54, 93, 189, 110, 140, 78, 77, 217,
    34, 52, 87, 135, 83, 268, 224, 96
  ],
  "서울시주거시설중주택비율": [
    65.983764, 63.813746, 63.805248, 57.850339, 55.97636, 53.874021, 50.048582,
    48.382956, 45.236513, 44.832313, 41.498728, 41.30447, 41.003644, 39.862625,
    38.65808, 37.817504, 37.162944, 36.886429, 35.696771, 35.464493, 30.13805,
    29.40893, 26.272179, 24.922857, 13.483351
  ],
  "인구밀도(명/km^2)": [
    13932, 18841, 12414, 13723, 16838, 20582, 20656, 18517, 14191, 14987, 25315,
    23826, 15727, 18190, 8774, 16930, 17828, 19483, 25236, 16203, 10386, 15849,
    6292, 13232, 20948
  ],
  "노후주택수": [
    24073, 20483, 39806, 40600, 43306, 27190, 29845, 17727, 15808, 25269, 22207,
    30201, 28073, 29297, 19445, 15935, 36091, 32395, 30637, 18779, 24462, 48925,
    24094, 11550, 26933
  ],
  "소방관1명당담당인구": [
    1454, 1534, 1219, 1795, 1776, 1520, 1292, 1228, 1819, 1332, 1242, 1613,
    1161, 1261, 1271, 1232, 1735, 2040, 1586, 1314, 868, 1823, 474, 435, 1579
  ],
  "화재발생건수": [
    76, 51, 62, 50, 119, 56, 63, 82, 36, 63, 48, 73, 66, 63, 41, 55, 43, 92, 47,
    42, 71, 79, 43, 23, 81
  ],
  "안전센터1개소당담당인구": [
    88184, 76678, 73415, 94861, 121688, 112472, 65886, 114821, 100747, 77924,
    67329, 95149, 60773, 76584, 67388, 70250, 107599, 109800, 88176, 75135,
    43730, 116687, 23563, 24087, 96330
  ],
  "출동소요시간": [
    377.153203, 326.475806, 338.432836, 394.221687, 387.541593, 363.98481,
    364.356083, 384.069343, 322.060976, 292.0317, 313.671875, 415.327103,
    376.418773, 367.032172, 424.512953, 357.004132, 343.964981, 357.089372,
    402.440678, 333.317597, 388.873606, 348.85396, 374.111969, 310.705036,
    329.596154
  ],
  "고령자수": [
    86606, 82984, 68617, 102096, 85418, 56819, 79984, 45342, 96422, 70436,
    67030, 70474, 57895, 58113, 65661, 49462, 80414, 108894, 76317, 67509,
    39747, 93817, 28764, 25920, 78955
  ]
}
